,per_rat,time
0,1.056990203869358,1.3999999999999992
1,1.0571000102246202,1.3999999999999992
2,1.0572098165798822,1.3999999999999992
3,1.0573196229351445,1.3999999999999992
4,1.0574294292904067,1.3999999999999992
5,1.0575392356456692,1.3999999999999992
6,1.0576490420009308,1.3999999999999992
7,1.0577588483561933,1.3999999999999992
8,1.0578686547114555,1.3999999999999992
9,1.0579784610667176,1.3999999999999992
10,1.0580882674219798,1.3999999999999992
11,1.058198073777242,1.3999999999999992
12,1.0583078801325043,47.54999999999837
13,1.0584176864877664,16.70000000000012
14,1.0585274928430286,27.94999999999948
15,1.0586372991982909,71.69999999999919
16,1.0587471055535531,122.30000000001068
17,1.0588569119088151,1.3499999999999994
18,1.0589667182640774,1.3499999999999994
19,1.0590765246193397,1.3499999999999994
20,1.0591863309746017,1.3499999999999994
21,1.0592961373298642,1.3499999999999994
22,1.0594059436851262,1.3499999999999994
23,1.0595157500403884,1.3499999999999994
24,1.0596255563956505,1.3499999999999994
25,1.0597353627509127,1.3499999999999994
26,1.059845169106175,1.3499999999999994
27,1.059954975461437,1.3499999999999994
28,1.0600647818166993,1.3499999999999994
29,1.0601745881719615,1.3499999999999994
30,1.0602843945272238,1.3499999999999994
31,1.0603942008824858,1.3499999999999994
32,1.0605040072377478,1.3499999999999994
33,1.0606138135930103,1.3499999999999994
34,1.0607236199482724,1.3499999999999994
35,1.0608334263035346,1.3499999999999994
36,1.0609432326587969,1.3499999999999994
37,1.0610530390140591,13.700000000000127
38,1.0611628453693212,13.700000000000127
39,1.0612726517245834,1.3499999999999994
40,1.0613824580798457,1.3499999999999994
41,1.0614922644351077,1.3499999999999994
42,1.06160207079037,1.3499999999999994
43,1.0617118771456322,1.3499999999999994
44,1.0618216835008945,1.3499999999999994
45,1.0619314898561565,1.3499999999999994
46,1.0620412962114187,1.3499999999999994
47,1.062151102566681,1.3499999999999994
48,1.0622609089219432,1.3499999999999994
49,1.0623707152772053,1.3499999999999994
50,1.0624805216324675,1.3499999999999994
51,1.0625903279877298,1.3499999999999994
52,1.0627001343429918,1.3499999999999994
53,1.062809940698254,1.3499999999999994
54,1.0629197470535163,1.3499999999999994
55,1.0630295534087786,1.3499999999999994
56,1.0631393597640406,1.3499999999999994
57,1.0632491661193029,1.3499999999999994
58,1.0633589724745651,13.300000000000123
59,1.0634687788298272,1.3499999999999994
60,1.0635785851850894,13.250000000000119
61,1.0636883915403517,1.3499999999999994
62,1.063798197895614,13.250000000000119
63,1.063908004250876,76.65000000000029
64,1.0640178106061382,52.54999999999809
65,1.0641276169614005,65.14999999999769
66,1.0642374233166625,57.94999999999778
67,1.0643472296719247,13.15000000000012
68,1.064457036027187,145.3000000000159
69,1.0645668423824493,30.449999999999342
70,1.0646766487377113,13.100000000000119
71,1.0647864550929735,73.49999999999959
72,1.0648962614482358,37.29999999999895
73,1.0650060678034978,92.70000000000395
74,1.06511587415876,13.050000000000114
75,1.0652256805140223,1.3499999999999994
76,1.0653354868692846,1.3499999999999994
77,1.0654452932245466,1.3499999999999994
78,1.0655550995798089,1.3499999999999994
79,1.0656649059350711,406.29999999990434
80,1.0657747122903334,1.3499999999999994
81,1.0658845186455954,1.3499999999999994
82,1.0659943250008577,1.4999999999999982
83,1.06610413135612,1.3499999999999994
84,1.066213937711382,12.800000000000114
85,1.0663237440666442,1.3499999999999994
86,1.0664335504219065,12.750000000000114
87,1.0665433567771687,1.3499999999999994
88,1.0666531631324307,1.3499999999999994
89,1.066762969487693,1.3499999999999994
90,1.0668727758429553,12.650000000000114
91,1.0669825821982173,1.4999999999999982
92,1.0670923885534795,1.3499999999999994
93,1.0672021949087418,12.600000000000115
94,1.067312001264004,370.4499999999369
95,1.067421807619266,1.3499999999999994
96,1.0675316139745283,12.550000000000107
97,1.0676414203297906,12.50000000000011
98,1.0677512266850528,12.50000000000011
99,1.0678610330403149,12.45000000000011
100,1.0679708393955771,12.45000000000011
101,1.0680806457508394,12.400000000000107
102,1.0681904521061014,1.4999999999999982
103,1.0683002584613637,12.400000000000107
104,1.068410064816626,12.350000000000108
105,1.0685198711718882,12.350000000000108
106,1.0686296775271502,12.300000000000107
107,1.0687394838824125,12.300000000000107
108,1.0688492902376747,12.300000000000107
109,1.0689590965929368,12.250000000000107
110,1.069068902948199,12.250000000000107
111,1.0691787093034613,61.29999999999761
112,1.0692885156587235,12.200000000000104
113,1.0693983220139855,1.4999999999999982
114,1.0695081283692478,1.4999999999999982
115,1.06961793472451,1.4999999999999982
116,1.069727741079772,1.4999999999999982
117,1.0698375474350343,1.2999999999999996
118,1.0699473537902966,12.100000000000104
119,1.0700571601455588,12.100000000000104
120,1.0701669665008209,105.40000000000684
121,1.0702767728560831,12.050000000000106
122,1.0703865792113454,12.050000000000106
123,1.0704963855666074,12.050000000000106
124,1.0706061919218697,12.000000000000105
125,1.0707159982771322,12.000000000000105
126,1.0708258046323942,12.000000000000105
127,1.0709356109876562,14.60000000000014
128,1.0710454173429185,1012.499999999353
129,1.0711552236981807,11.950000000000102
130,1.071265030053443,11.950000000000102
131,1.071374836408705,21.29999999999986
132,1.0714846427639673,11.900000000000105
133,1.0715944491192295,83.55000000000187
134,1.0717042554744916,48.14999999999834
135,1.0718140618297538,11.900000000000105
136,1.0719238681850158,237.1000000000368
137,1.0720336745402783,11.900000000000105
138,1.0721434808955403,11.900000000000105
139,1.0722532872508026,19.14999999999998
140,1.0723630936060649,152.25000000001748
141,1.0724728999613269,49.29999999999827
142,1.0725827063165891,478.39999999983877
143,1.0726925126718514,596.7999999997311
144,1.0728023190271136,216.000000000032
145,1.0729121253823757,161.50000000001958
146,1.073021931737638,49.89999999999824
147,1.0731317380929002,41.799999999998704
148,1.0732415444481622,35.699999999999044
149,1.0733513508034245,39.49999999999883
150,1.0734611571586867,77.00000000000037
151,1.073570963513949,46.84999999999841
152,1.0736807698692108,52.749999999998074
153,1.0737905762244733,16.35000000000014
154,1.0739003825797355,16.400000000000137
155,1.0740101889349978,16.450000000000134
156,1.0741199952902598,16.450000000000134
157,1.074229801645522,16.400000000000137
158,1.0743396080007843,10.250000000000078
159,1.0744494143560464,28.499999999999446
160,1.0745592207113086,42.549999999998654
161,1.0746690270665709,46.29999999999843
162,1.0747788334218331,1532.4500000011926
163,1.0748886397770951,686.1499999996497
164,1.0749984461323574,23.24999999999975
165,1.0751082524876197,15.150000000000148
166,1.0752180588428817,11.400000000000095
167,1.075327865198144,236.40000000003656
168,1.0754376715534062,15.050000000000145
169,1.0755474779086684,19.999999999999925
170,1.0756572842639305,64.89999999999763
171,1.0757670906191927,54.049999999998
172,1.075876896974455,15.100000000000147
173,1.075986703329717,199.10000000002807
174,1.0760965096849793,490.54999999982766
175,1.0762063160402415,36.99999999999897
176,1.0763161223955038,5.600000000000013
177,1.0764259287507658,53.549999999998036
178,1.076535735106028,23.39999999999974
179,1.0766455414612903,154.30000000001797
180,1.0767553478165524,154.30000000001797
181,1.0768651541718146,84.5500000000021
182,1.0769749605270769,46.9999999999984
183,1.0770847668823391,643.8999999996882
184,1.0771945732376011,43.099999999998616
185,1.0773043795928634,50.94999999999818
186,1.0774141859481257,10.050000000000077
187,1.077523992303388,110.550000000008
188,1.0776337986586502,64.94999999999764
189,1.0777436050139122,844.1999999995061
190,1.0778534113691745,13.100000000000119
191,1.0779632177244365,9.500000000000068
192,1.0780730240796987,4.800000000000002
193,1.0781828304349608,9.450000000000069
194,1.0782926367902232,9.450000000000069
195,1.0784024431454853,34.6499999999991
196,1.0785122495007475,75.65000000000008
197,1.0786220558560098,87.15000000000269
198,1.0787318622112718,35.19999999999907
199,1.078841668566534,141.350000000015
200,1.0789514749217963,20.19999999999992
201,1.0790612812770586,121.45000000001049
202,1.0791710876323206,28.099999999999472
203,1.0792808939875829,983.6999999993793
204,1.0793907003428451,67.34999999999819
205,1.0795005066981072,130.40000000001248
206,1.0796103130533694,84.90000000000218
207,1.0797201194086317,32.29999999999924
208,1.079829925763894,22.49999999999979
209,1.0799397321191555,21.64999999999984
210,1.0800495384744182,135.45000000001366
211,1.0801593448296805,52.599999999998076
212,1.0802691511849427,113.2000000000086
213,1.0803789575402047,15.750000000000155
214,1.080488763895467,23.299999999999752
215,1.0805985702507293,17.0500000000001
216,1.0807083766059913,14.000000000000133
217,1.0808181829612535,14.000000000000133
218,1.0809279893165158,23.19999999999975
219,1.081037795671778,453.2499999998616
220,1.08114760202704,105.80000000000692
221,1.0812574083823023,152.70000000001758
222,1.0813672147375646,117.05000000000948
223,1.0814770210928266,58.24999999999776
224,1.0815868274480889,76.30000000000022
225,1.0816966338033511,40.24999999999879
226,1.0818064401586134,8.800000000000058
227,1.0819162465138754,8.750000000000057
228,1.0820260528691377,8.700000000000058
229,1.0821358592244,8.650000000000055
230,1.082245665579662,8.600000000000055
231,1.0823554719349242,8.600000000000055
232,1.0824652782901865,8.550000000000054
233,1.0825750846454487,103.15000000000632
234,1.0826848910007107,10.250000000000078
235,1.082794697355973,8.500000000000053
236,1.0829045037112353,8.450000000000053
237,1.0830143100664973,17.700000000000067
238,1.0831241164217595,8.450000000000053
239,1.0832339227770218,17.75000000000006
240,1.083343729132284,8.450000000000053
241,1.083453535487546,17.80000000000006
242,1.0835633418428083,8.500000000000053
243,1.0836731481980706,2659.900000005294
244,1.0837829545533328,102.10000000000609
245,1.0838927609085949,109.05000000000769
246,1.0840025672638571,44.24999999999856
247,1.0841123736191194,17.850000000000055
248,1.0842221799743814,32.199999999999235
249,1.0843319863296437,13.900000000000134
250,1.084441792684906,13.15000000000012
251,1.0845515990401682,17.850000000000055
252,1.0846614053954302,57.09999999999783
253,1.0847712117506925,17.80000000000006
254,1.0848810181059547,221.5000000000332
255,1.0849908244612168,17.80000000000006
256,1.085100630816479,41.54999999999871
257,1.0852104371717413,62.9499999999975
258,1.0853202435270035,47.449999999998376
259,1.0854300498822655,115.15000000000906
260,1.0855398562375278,72.6999999999994
261,1.08564966259279,16.35000000000014
262,1.0858692753033143,106.90000000000721
263,1.0859790816585766,68.94999999999855
264,1.0860888880138388,17.550000000000068
265,1.0861986943691009,17.550000000000068
266,1.0863085007243631,37.84999999999892
267,1.0864183070796254,41.599999999998715
268,1.0865281134348876,18.100000000000037
269,1.0866379197901497,53.799999999998036
270,1.086747726145412,17.500000000000075
271,1.0868575325006742,21.29999999999986
272,1.0869673388559362,35.999999999999034
273,1.0870771452111985,30.19999999999936
274,1.0871869515664607,44.34999999999855
275,1.087296757921723,19.049999999999983
276,1.087406564276985,45.4999999999985
277,1.0875163706322473,21.399999999999853
278,1.0876261769875095,28.14999999999947
279,1.0877359833427716,54.299999999997986
280,1.0878457896980338,21.399999999999853
281,1.0879555960532958,119.75000000001008
282,1.0880654024085583,46.799999999998406
283,1.0881752087638203,47.89999999999835
284,1.0882850151190826,134.45000000001346
285,1.0883948214743449,66.99999999999811
286,1.0885046278296069,43.5499999999986
287,1.0886144341848691,72.19999999999929
288,1.0887242405401314,21.29999999999986
289,1.0888340468953936,86.25000000000246
290,1.0889438532506557,36.449999999999
291,1.089053659605918,16.600000000000122
292,1.0891634659611802,167.50000000002098
293,1.0892732723164422,16.250000000000146
294,1.0893830786717045,146.9500000000163
295,1.0894928850269667,26.19999999999958
296,1.089602691382229,49.29999999999827
297,1.089712497737491,76.00000000000016
298,1.0898223040927533,291.50000000000875
299,1.0899321104480155,26.799999999999546
300,1.0900419168032778,87.90000000000286
301,1.0901517231585398,24.54999999999968
302,1.0902615295138018,71.59999999999916
303,1.0903713358690643,69.19999999999861
304,1.0904811422243263,53.149999999998045
305,1.0905909485795886,29.399999999999398
306,1.0907007549348509,69.54999999999869
307,1.0908105612901131,31.79999999999926
308,1.0909203676453751,77.00000000000037
309,1.0910301740006374,56.14999999999788
310,1.0911399803558997,86.90000000000263
311,1.0912497867111617,28.69999999999944
312,1.0913595930664242,55.34999999999794
313,1.0914693994216862,251.7000000000401
314,1.0915792057769484,557.6999999997666
315,1.0916890121322105,84.70000000000212
316,1.0917988184874727,120.70000000001032
317,1.091908624842735,146.00000000001606
318,1.092018431197997,78.65000000000076
319,1.0921282375532593,173.6000000000223
320,1.0922380439085215,36.39999999999901
321,1.0923478502637838,39.549999999998825
322,1.0924576566190458,123.95000000001106
323,1.092567462974308,79.25000000000091
324,1.0926772693295703,134.8000000000135
325,1.0927870756848326,68.74999999999851
326,1.0928968820400946,41.09999999999874
327,1.0930066883953569,41.09999999999874
328,1.0931164947506191,112.10000000000835
329,1.0932263011058811,26.399999999999572
330,1.0933361074611434,66.99999999999811
331,1.0934459138164057,107.9000000000074
332,1.093555720171668,39.59999999999882
333,1.09366552652693,45.94999999999847
334,1.0937753328821922,45.999999999998465
335,1.0938851392374545,106.150000000007
336,1.0939949455927165,24.59999999999967
337,1.0941047519479787,252.35000000004024
338,1.094214558303241,70.4999999999989
339,1.0943243646585032,525.0999999997963
340,1.0944341710137653,12.550000000000107
341,1.0945439773690275,44.099999999998566
342,1.0946537837242898,90.10000000000336
343,1.0947635900795518,58.399999999997746
344,1.094873396434814,138.35000000001432
345,1.0949832027900763,86.7500000000026
346,1.0950930091453386,197.90000000002786
347,1.0952028155006006,156.25000000001842
348,1.0953126218558629,163.20000000001997
349,1.0954224282111251,88.0500000000029
350,1.0955322345663872,43.89999999999858
351,1.0956420409216494,51.54999999999814
352,1.0957518472769117,28.599999999999447
353,1.095861653632174,60.79999999999762
354,1.095971459987436,75.24999999999999
355,1.0960812663426982,90.05000000000334
356,1.0961910726979605,28.44999999999945
357,1.0963008790532227,106.150000000007
358,1.0964106854084847,166.4500000000207
359,1.096520491763747,84.75000000000216
360,1.0966302981190093,276.5000000000224
361,1.0967401044742713,102.05000000000608
362,1.0968499108295335,153.15000000001768
363,1.0969597171847958,170.8000000000217
364,1.097069523540058,60.199999999997644
365,1.09717932989532,121.60000000001051
366,1.0972891362505823,62.09999999999754
367,1.0973989426058446,764.1499999995789
368,1.0975087489611066,13.20000000000012
369,1.0976185553163689,125.05000000001131
370,1.0977283616716311,13.250000000000119
371,1.0978381680268934,174.70000000002258
372,1.0979479743821554,102.95000000000627
373,1.0980577807374177,45.54999999999848
374,1.09816758709268,28.69999999999944
375,1.098277393447942,27.149999999999533
376,1.0983871998032042,55.09999999999794
377,1.0984970061584665,41.999999999998685
378,1.0986068125137287,62.99999999999749
379,1.0987166188689907,133.50000000001322
380,1.098826425224253,112.60000000000849
381,1.0989362315795153,256.2500000000408
382,1.0990460379347775,79.10000000000086
383,1.0991558442900395,88.80000000000307
384,1.0992656506453018,96.55000000000484
385,1.099375457000564,53.64999999999802
386,1.099485263355826,47.89999999999835
387,1.0995950697110883,339.7999999999648
388,1.0997048760663506,1330.650000000458
389,1.0998146824216128,95.75000000000463
390,1.0999244887768749,131.55000000001277
391,1.1000342951321371,49.449999999998255
392,1.1001441014873994,129.65000000001234
393,1.1002539078426614,221.55000000003326
394,1.1003637141979237,172.35000000002205
395,1.100473520553186,121.70000000001056
396,1.1005833269084482,291.5500000000087
397,1.1006931332637102,1168.449999999868
398,1.1008029396189725,381.89999999992654
399,1.1009127459742347,159.4000000000191
400,1.1010225523294968,683.5999999996521
401,1.101132358684759,464.09999999985183
402,1.1012421650400213,286.1000000000137
403,1.1013519713952835,360.1999999999463
404,1.1014617777505455,176.2000000000229
405,1.1015715841058078,242.1000000000379
406,1.10168139046107,640.7999999996913
407,1.101791196816332,134.50000000001344
408,1.1019010031715943,168.45000000002116
409,1.1020108095268566,253.60000000004047
410,1.1021206158821188,414.399999999897
411,1.1022304222373809,114.30000000000885
412,1.1023402285926431,49.64999999999824
413,1.1024500349479054,464.89999999985116
414,1.1025598413031676,148.8000000000167
415,1.1026696476584297,52.2499999999981
416,1.1027794540136922,301.84999999999934
417,1.1028892603689542,601.1499999997271
418,1.1029990667242162,58.349999999997756
419,1.1031088730794785,286.1000000000137
420,1.1032186794347407,134.15000000001336
421,1.1034382921452648,198.70000000002804
422,1.1035480985005273,81.35000000000137
423,1.1036579048557895,275.80000000002303
424,1.1037677112110515,308.99999999999284
425,1.1038775175663138,138.7000000000144
426,1.103987323921576,40.29999999999878
427,1.1040971302768383,101.90000000000605
428,1.1042069366321003,211.95000000003103
429,1.1043167429873626,129.25000000001222
430,1.1044265493426249,312.74999999998937
431,1.1045363556978869,152.20000000001747
432,1.1046461620531491,244.20000000003841
433,1.1047559684084114,215.45000000003185
434,1.1048657747636736,730.9499999996091
435,1.1049755811189357,161.50000000001958
436,1.105085387474198,201.10000000002861
437,1.1051951938294602,45.699999999998475
438,1.1053050001847224,341.0999999999636
439,1.1054148065399845,163.65000000002007
440,1.1055246128952467,67.64999999999826
441,1.105634419250509,293.50000000000693
442,1.105744225605771,345.94999999995923
443,1.1058540319610333,164.40000000002024
444,1.1059638383162955,76.85000000000035
445,1.1060736446715578,97.60000000000507
446,1.1061834510268198,162.65000000001984
447,1.106293257382082,208.8500000000304
448,1.1064030637373443,117.65000000000963
449,1.1065128700926063,209.50000000003047
450,1.1066226764478686,163.35000000002
451,1.1067324828031309,277.2500000000217
452,1.1068422891583931,75.65000000000008
453,1.1069520955136551,162.45000000001983
454,1.1070619018689174,348.2499999999572
455,1.1071717082241797,68.04999999999835
456,1.1072815145794417,70.19999999999885
457,1.1073913209347042,167.4000000000209
458,1.1075011272899662,310.8499999999912
459,1.1076109336452284,69.49999999999868
460,1.1077207400004905,278.00000000002103
461,1.1078305463557527,25.149999999999643
462,1.107940352711015,51.29999999999816
463,1.1080501590662772,45.449999999998504
464,1.1081599654215393,93.95000000000424
465,1.1082697717768015,243.4500000000383
466,1.1083795781320638,33.24999999999918
467,1.1084893844873258,69.99999999999879
468,1.1085991908425878,48.69999999999831
469,1.1087089971978503,125.9000000000115
470,1.1088188035531126,142.60000000001529
471,1.1089286099083746,52.69999999999807
472,1.1090384162636369,52.64999999999807
473,1.1091482226188991,367.5999999999395
474,1.1092580289741611,172.30000000002204
475,1.1093678353294234,294.6500000000059
476,1.1094776416846857,63.849999999997436
477,1.109587448039948,175.75000000002282
478,1.10969725439521,214.7500000000317
479,1.1098070607504722,182.6000000000244
480,1.1099168671057345,386.3499999999225
481,1.1100266734609965,660.1999999996734
482,1.1101364798162587,276.1500000000227
483,1.110246286171521,414.84999999989657
484,1.1103560925267832,4422.150000005772
485,1.1104658988820453,401.09999999990913
486,1.1105757052373075,557.8499999997665
487,1.1106855115925698,681.8999999996538
488,1.110795317947832,193.3000000000268
489,1.110905124303094,658.5499999996749
490,1.1110149306583563,650.1499999996826
491,1.1111247370136186,264.75000000003314
492,1.1112345433688806,360.8999999999456
493,1.1113443497241429,598.3499999997298
494,1.1114541560794051,353.49999999995237
495,1.1115639624346674,900.6499999994548
496,1.1117835751451917,469.5499999998468
497,1.111893381500454,976.199999999386
498,1.1120031878557155,2621.0000000051527
499,1.1121129942109782,547.9999999997755
500,1.1122228005662405,973.4999999993885
501,1.1123326069215027,918.3999999994386
502,1.1124424132767647,510.74999999980935
503,1.1125522196320272,413.249999999898
504,1.1126620259872892,710.9999999996272
505,1.1127718323425513,766.6499999995766
506,1.1128816386978135,723.6999999996158
507,1.1129914450530758,2021.400000002971
508,1.113101251408338,1226.3500000000784
509,1.1132110577636,691.7999999996448
510,1.1133208641188623,879.2499999994742
511,1.1134306704741246,2142.1500000034107
512,1.1135404768293866,936.1499999994223
513,1.1136502831846489,1042.6999999994105
514,1.1137600895399111,462.1499999998536
515,1.1138698958951734,3752.300000009269
516,1.1139797022504354,1611.3500000014792
517,1.1140895086056977,1305.7500000003674
518,1.11419931496096,290.95000000000925
519,1.114309121316222,287.55000000001235
520,1.1144189276714842,443.5499999998705
521,1.1145287340267465,467.94999999984833
522,1.1146385403820087,759.5499999995833
523,1.1147483467372707,639.2999999996924
524,1.114858153092533,1133.2499999997399
525,1.1149679594477953,2836.700000005937
526,1.1150777658030575,889.9499999994646
527,1.1151875721583195,365.1999999999417
528,1.1152973785135818,452.5499999998623
529,1.115407184868844,534.9999999997873
530,1.115516991224106,1140.5999999997666
531,1.1156267975793683,218.55000000003253
532,1.1157366039346306,406.3499999999044
533,1.1158464102898928,344.9999999999601
534,1.1159562166451549,304.2999999999971
535,1.1160660230004171,227.80000000003463
536,1.1161758293556794,369.99999999993736
537,1.1162856357109414,1348.0000000005211
538,1.1163954420662037,345.7999999999594
539,1.1165052484214657,473.3999999998433
540,1.1166150547767282,174.40000000002254
541,1.1167248611319902,626.7999999997038
542,1.1168346674872525,326.2999999999771
543,1.1169444738425147,408.14999999990266
544,1.1170542801977772,217.75000000003243
545,1.117164086553039,511.49999999980867
546,1.1172738929083013,583.8499999997429
547,1.1173836992635635,567.6499999997576
548,1.1174935056188255,377.49999999993065
549,1.1176033119740878,571.7999999997537
550,1.11771311832935,703.8999999996338
551,1.1178229246846123,380.4499999999279
552,1.1179327310398743,428.599999999884
553,1.1180425373951366,1004.9999999993596
554,1.1181523437503988,529.5499999997921
555,1.1182621501056609,627.699999999703
556,1.1183719564609231,608.1999999997207
557,1.1184817628161854,307.9499999999938
558,1.1185915691714476,416.1499999998954
559,1.1187013755267097,551.1499999997726
560,1.118811181881972,430.2999999998825
561,1.1189209882372342,257.40000000003977
562,1.1190307945924962,388.34999999992067
563,1.1191406009477585,532.3999999997897
564,1.1192504073030207,1031.1499999993684
565,1.119360213658283,538.0499999997845
566,1.1194700200135448,497.4999999998214
567,1.1195798263688073,401.2999999999089
568,1.1196896327240695,661.599999999672
569,1.1197994390793315,623.1999999997071
570,1.1199092454345938,255.65000000004105
571,1.120019051789856,351.99999999995384
572,1.1201288581451183,174.20000000002247
573,1.1202386645003803,1332.850000000466
574,1.1203484708556426,309.29999999999256
575,1.1204582772109049,147.5500000000164
576,1.1205680835661669,108.45000000000752
577,1.1206778899214291,266.6500000000313
578,1.1207876962766914,338.6999999999658
579,1.1208975026319536,347.59999999995773
580,1.1210073089872157,281.80000000001763
581,1.121117115342478,592.8499999997347
582,1.1212269216977402,1633.300000001559
583,1.1213367280530024,493.6499999998249
584,1.1214465344082645,902.3499999994533
585,1.1215563407635267,315.7999999999866
586,1.1216661471187892,450.799999999864
587,1.121775953474051,211.60000000003097
588,1.1218857598293133,97.300000000005
589,1.1219955661845755,327.1499999999764
590,1.1221053725398378,451.04999999986364
591,1.1222151788950998,101.30000000000591
592,1.122324985250362,215.6500000000319
593,1.1224347916056243,519.4499999998014
594,1.1225445979608863,219.6000000000328
595,1.1226544043161486,2196.9500000036096
596,1.1227642106714109,273.40000000002516
597,1.1228740170266729,445.74999999986846
598,1.1229838233819351,563.7499999997611
599,1.1230936297371974,241.55000000003776
600,1.1232034360924597,252.05000000004017
601,1.123313242447722,710.099999999628
602,1.1234230488029842,317.0999999999855
603,1.1235328551582462,640.849999999691
604,1.1236426615135084,953.6999999994065
605,1.1237524678687705,154.1000000000179
606,1.1238622742240327,1296.000000000332
607,1.1239720805792948,770.6999999995729
608,1.1240818869345572,8147.749999951558
609,1.1241916932898193,2873.550000006071
610,1.1243014996450815,2099.8000000032557
611,1.1244113060003438,2146.350000003425
612,1.1245211123556058,2880.8500000060976
613,1.1246309187108678,1486.750000001026
614,1.1247407250661303,3579.2500000086384
615,1.1248505314213926,8178.799999951106
616,1.1249603377766546,21907.2500001532
617,1.1250701441319169,4974.249999997738
618,1.1251799504871791,805.0499999995418
619,1.1252897568424411,12497.449999888262
620,1.1253995631977034,4119.850000010171
621,1.1255093695529657,5177.949999994774
622,1.125619175908228,29235.85000057978
623,1.12572898226349,2590.700000005042
624,1.1258387886187522,3342.3000000077764
625,1.1259485949740144,17254.09999988235
626,1.1260584013292765,6634.099999973584
627,1.1261682076845387,3245.9000000074257
628,1.126278014039801,4136.350000009931
629,1.1263878203950632,4019.800000010241
630,1.1264976267503253,9045.0999999385
631,1.1266074331055875,10041.899999923997
632,1.1267172394608498,10352.84999991947
633,1.1268270458161118,6975.749999968612
634,1.126936852171374,6137.599999980809
635,1.1270466585266363,2362.650000004213
636,1.1271564648818986,10972.599999910452
637,1.1272662712371606,2876.600000006082
638,1.1273760775924229,6436.599999976457
639,1.1274858839476851,12551.749999887474
640,1.1275956903029474,3704.150000009093
641,1.1277054966582094,4517.15000000439
642,1.1278153030134717,12241.649999891984
643,1.127925109368734,7106.799999966705
644,1.128034915723996,5036.699999996829
645,1.1281447220792582,6001.799999982784
646,1.1282545284345205,4096.850000010506
647,1.1283643347897827,6158.7499999805
648,1.1284741411450447,7146.049999966134
649,1.1285839475003072,2657.750000005286
650,1.1286937538555692,8080.1999999525415
651,1.1288035602108313,4284.250000007779
652,1.1289133665660935,8009.1499999535745
653,1.1290231729213558,8949.099999939897
654,1.1291329792766178,5397.199999991583
655,1.12924278563188,3150.3000000070783
656,1.1293525919871423,2836.9000000059377
657,1.1294623983424046,3798.950000009437
658,1.1295722046976668,1712.150000001846
659,1.1296820110529289,1652.80000000163
660,1.1297918174081911,4848.599999999567
661,1.1299016237634534,2763.000000005669
662,1.1300114301187154,3221.7000000073376
663,1.1301212364739777,5393.8999999916305
664,1.13023104282924,3149.150000007073
665,1.1303408491845022,2216.7500000036816
666,1.1304506555397642,5738.199999986621
667,1.1305604618950265,1881.9000000024635
668,1.1306702682502887,1065.299999999493
669,1.1307800746055507,1443.3000000008676
670,1.130889880960813,4265.450000008053
671,1.1309996873160753,3817.050000009504
672,1.1311094936713375,1677.4500000017194
673,1.1312193000265995,3373.100000007889
674,1.1313291063818618,5493.64999999018
675,1.131438912737124,11671.399999900283
676,1.131548719092386,2066.200000003134
677,1.1316585254476483,1773.1500000020678
678,1.1317683318029106,762.2499999995807
679,1.1318781381581728,2549.750000004893
680,1.1319879445134349,3344.400000007784
681,1.1320977508686971,1272.3000000002455
682,1.1322075572239594,1895.2500000025118
683,1.1323173635792214,2268.8500000038707
684,1.1324271699344837,920.3499999994368
685,1.132536976289746,991.8499999993718
686,1.1326467826450082,1961.8500000027545
687,1.1327565890002702,2719.6500000055107
688,1.1328663953555325,3257.1000000074664
689,1.1329762017107947,987.0499999993764
690,1.1330860080660567,2257.8500000038307
691,1.133195814421319,1990.2500000028574
692,1.1333056207765813,954.5499999994057
693,1.1334154271318435,2078.300000003178
694,1.1335252334871055,1735.6000000019312
695,1.1336350398423678,2031.2000000030066
696,1.1337448461976298,4384.2000000063235
697,1.1338546525528923,1971.5000000027894
698,1.1339644589081543,5776.04999998607
699,1.1340742652634166,3540.3000000084967
700,1.1341840716186788,6535.199999975023
701,1.1342938779739409,7661.999999958625
702,1.1344036843292031,2902.900000006178
703,1.1345134906844654,3557.60000000856
704,1.1346232970397276,6542.249999974921
705,1.1347331033949897,6202.299999979869
706,1.134842909750252,5478.399999990403
707,1.1349527161055142,4463.800000005166
708,1.1350625224607762,5993.7499999829015
709,1.1351723288160385,2140.750000003405
710,1.1352821351713007,11451.349999903485
711,1.135391941526563,10222.699999921364
712,1.135501747881825,3853.200000009635
713,1.1356115542370873,14623.849999857319
714,1.1357213605923495,11459.099999903372
715,1.1358311669476118,6548.199999974834
716,1.1359409733028738,1003.6499999993613
717,1.1360507796581358,8342.14999994873
718,1.1361605860133983,3702.350000009086
719,1.1362703923686603,1183.9499999999246
720,1.1363801987239226,1327.600000000447
721,1.1364900050791849,3610.650000008753
722,1.1367096177897091,873.0499999994797
723,1.1368194241449714,1791.8500000021359
724,1.1369292305002336,2485.0500000046577
725,1.1370390368554957,1743.3500000019596
726,1.1371488432107582,710.3499999996277
727,1.1372586495660202,2847.0500000059747
728,1.1373684559212824,3534.800000008477
729,1.1374782622765445,1081.1499999995503
730,1.1375880686318067,608.5499999997204
731,1.137697874987069,961.6499999993993
732,1.137807681342331,1205.1500000000015
733,1.1379174876975933,1774.4000000020724
734,1.1380272940528555,1679.9500000017288
735,1.1381371004081178,506.8499999998128
736,1.1382469067633798,1612.4000000014828
737,1.138356713118642,1502.0000000010816
738,1.1384665194739043,2345.200000004149
739,1.1385763258291663,1203.9499999999969
740,1.1386861321844286,354.8499999999512
741,1.1387959385396909,1501.3000000010788
742,1.1389057448949529,865.3999999994867
743,1.1390155512502151,1302.600000000356
744,1.1391253576054774,1300.6500000003489
745,1.1392351639607396,1901.4500000025346
746,1.1393449703160017,514.5499999998059
747,1.1394547766712642,10203.04999992165
748,1.1395645830265262,1569.0000000013254
749,1.1396743893817884,314.49999999998784
750,1.1397841957370505,1207.7000000000107
751,1.1398940020923127,2499.60000000471
752,1.140003808447575,2506.000000004734
753,1.1401136148028372,4581.250000003457
754,1.1402234211580993,3122.900000006978
755,1.1403332275133615,1070.9999999995134
756,1.1404430338686238,2192.700000003594
757,1.1405528402238858,514.2499999998062
758,1.1406626465791478,1972.2500000027921
759,1.1407724529344103,908.1499999994479
760,1.1408822592896726,9821.349999927204
761,1.1409920656449346,3310.4000000076603
762,1.1411018720001969,2769.7500000056925
763,1.1412116783554591,9001.14999993914
764,1.1413214847107214,6172.099999980306
765,1.1414312910659834,2211.400000003662
766,1.1415410974212457,3277.15000000754
767,1.141650903776508,10382.649999919036
768,1.1417607101317702,7886.699999955356
769,1.1418705164870322,12890.399999882544
770,1.1419803228422944,16027.099999836899
771,1.1420901291975567,6960.399999968836
772,1.1421999355528187,9396.049999933392
773,1.142309741908081,9726.399999928586
774,1.1424195482633432,28469.200000535155
775,1.1425293546186053,60269.10000238615
776,1.1426391609738675,29716.300000607745
777,1.1427489673291298,43499.15000141002
778,1.142858773684392,9735.79999992845
779,1.142968580039654,7935.449999954647
780,1.1430783863949163,65630.1000026708
781,1.1431881927501786,32474.250000768287
782,1.1432979991054406,26111.85000039794
783,1.1434078054607029,24592.250000309486
784,1.1435176118159651,55037.30000208162
785,1.1436274181712274,20078.000000046723
786,1.1437372245264894,88945.84999724219
787,1.1438470308817517,24007.600000275455
788,1.143956837237014,27412.500000473647
789,1.1440666435922755,9225.79999993587
790,1.1441764499475382,14290.449999862169
791,1.1442862563028005,44200.50000145083
792,1.1443960626580627,17357.34999988836
793,1.1445058690133247,26360.050000412382
794,1.144615675368587,70038.20000164448
795,1.1447254817238492,39610.85000118368
796,1.1448352880791113,55275.40000209548
797,1.1449450944343735,31006.95000068287
798,1.1450549007896358,29593.90000060062
799,1.1451647071448978,18945.199999980785
800,1.14527451350016,32883.35000079209
801,1.1453843198554223,33649.150000836664
802,1.1454941262106846,87045.84999768456
803,1.1456039325659466,69676.20000172875
804,1.1457137389212089,70398.75000156053
805,1.1458235452764711,26837.55000044018
806,1.1459333516317334,30863.750000674536
807,1.1460431579869954,27120.100000456627
808,1.1461529643422577,16084.399999836065
809,1.14626277069752,17985.399999924917
810,1.1463725770527822,24239.55000028896
811,1.1464823834080442,21588.65000013465
812,1.1465921897633065,15139.999999849808
813,1.1467019961185687,32324.900000759586
814,1.1468118024738307,4205.000000008932
815,1.146921608829093,44421.20000146368
816,1.1470314151843553,51305.600001864404
817,1.1471412215396175,56608.30000217308
818,1.1472510278948795,23441.35000024249
819,1.1473608342501418,34671.350000896164
820,1.147470640605404,32460.50000076748
821,1.1475804469606663,30111.000000630716
822,1.1476902533159283,60032.150002372364
823,1.1478000596711906,52679.650001944385
824,1.1479098660264528,96637.2499954514
825,1.1480196723817149,32550.400000772715
826,1.1481294787369771,68440.60000201644
827,1.1482392850922394,57591.10000223028
828,1.1483490914475016,42549.95000135476
829,1.1484588978027637,156160.3499815926
830,1.148568704158026,90146.39999696266
831,1.1486785105132882,39879.150001199305
832,1.1487883168685502,34646.60000089472
833,1.1488981232238125,125380.44998875912
834,1.1490079295790747,100185.24999462534
835,1.149117735934337,26457.000000418037
836,1.1492275422895992,43865.85000143136
837,1.1493373486448613,78226.19999973805
838,1.1494471550001235,42328.40000134186
839,1.1495569613553855,99635.0999947534
840,1.1496667677106478,100625.5499945228
841,1.14977657406591,43694.65000142139
842,1.1498863804211723,63289.40000256195
843,1.1499961867764343,45469.800001524716
844,1.1501059931316966,79174.64999951722
845,1.1502157994869588,31004.70000068274
846,1.1503256058422209,18673.09999996495
847,1.1504354121974831,22851.65000020817
848,1.1505452185527454,18901.79999997826
849,1.1506550249080076,525686.100202359
850,1.1507648312632697,17154.44999987655
851,1.150874637618532,17322.949999886358
852,1.1509844439737942,41181.15000127509
853,1.1510942503290562,37405.900001055335
854,1.1512040566843185,8523.699999946088
855,1.1513138630395807,22648.10000019632
856,1.151423669394843,23073.900000221107
857,1.151533475750105,13367.449999875604
858,1.1516432821053673,14212.6999998633
859,1.1517530884606295,30227.050000637475
860,1.1518628948158915,7034.399999967759
861,1.1519727011711538,23081.20000022153
862,1.152082507526416,4532.650000004164
863,1.1521923138816783,8181.999999951059
864,1.1523021202369403,29015.300000566942
865,1.1524119265922026,7746.94999995739
866,1.1525217329474648,6390.199999977132
867,1.1526315393027269,2671.600000005337
868,1.1527413456579891,4048.600000010346
869,1.1528511520132514,8298.699999949362
870,1.1529609583685136,5844.799999985071
871,1.1530707647237757,4017.7500000102336
872,1.1531805710790382,4642.4500000025655
873,1.1532903774343002,6613.399999973885
874,1.1534001837895624,3234.0000000073824
875,1.1535099901448245,49311.30000174832
876,1.1536197965000867,20960.450000098088
877,1.1537296028553492,6124.449999981001
878,1.1538394092106112,17775.4999999127
879,1.1539492155658733,24627.80000031156
880,1.1540590219211355,20138.850000050264
881,1.1541688282763978,15773.799999840583
882,1.1542786346316598,8762.749999942609
883,1.154388440986922,8998.149999939185
884,1.1544982473421843,9640.899999929828
885,1.1546080536974466,20026.900000043748
886,1.1547178600527086,14382.849999860826
887,1.1548276664079709,14234.299999862988
888,1.1549374727632329,24143.450000283363
889,1.1550472791184951,19454.100000010407
890,1.1551570854737574,70389.4000015627
891,1.155376698184282,16629.49999984599
892,1.155486504539544,71435.00000131925
893,1.1555963108948062,27402.200000473047
894,1.1557061172500684,42218.05000133544
895,1.1558159236053305,81140.59999905949
896,1.1559257299605927,29344.350000586095
897,1.156035536315855,11692.949999899969
898,1.1561453426711172,47810.700001660975
899,1.1562551490263793,29878.300000617168
900,1.1563649553816415,41605.10000129976
901,1.1564747617369038,45109.35000150374
902,1.1565845680921658,19756.750000028023
903,1.156694374447428,85862.89999795999
904,1.1568041808026903,117733.39999053955
905,1.1569139871579526,84063.94999837884
906,1.1570237935132146,28710.5000005492
907,1.1571335998684769,3085027.3931029662
908,1.1572434062237391,75896.55000028046
909,1.1573532125790011,34455.80000088362
910,1.1574630189342634,41550.65000129658
911,1.1575728252895257,63355.85000256582
912,1.157682631644788,26891.1500004433
913,1.15779243800005,63168.90000255494
914,1.1579022443553122,104383.69999364778
915,1.1580120507105744,41872.35000131532
916,1.1581218570658365,33539.200000830264
917,1.1582316634210987,162721.49998006495
918,1.1583414697763608,873162.9505259721
919,1.1584512761316232,63459.300002571836
920,1.1585610824868853,143524.74998453454
921,1.1586708888421475,86518.59999780732
922,1.1587806951974098,153510.84998220947
923,1.158890501552672,194398.24997268963
924,1.159000307907934,47632.4500016506
925,1.1591101142631963,39277.450001164274
926,1.1592199206184586,16997.049999867388
927,1.1593297269737206,12297.699999891167
928,1.1594395333289829,6110.199999981209
929,1.1595493396842451,21264.40000011578
930,1.1596591460395074,16738.84999985236
931,1.1597689523947694,18802.999999972508
932,1.1598787587500317,11468.79999990323
933,1.159988565105294,22459.400000185342
934,1.1600983714605562,57140.20000220402
935,1.1602081778158182,21747.5000001439
936,1.1603179841710805,139684.04998542878
937,1.1604277905263427,12180.799999892872
938,1.1605375968816047,568856.000242564
939,1.160647403236867,7414.749999962224
940,1.1607572095921292,26396.150000414487
941,1.1608670159473915,9789.699999927663
942,1.1609768223026535,365403.85005308455
943,1.1610866286579158,4384.150000006325
944,1.161196435013178,3407.4000000080127
945,1.16130624136844,18034.04999992775
946,1.1614160477237023,10111.349999922983
947,1.1615258540789646,6298.6499999784655
948,1.1616356604342268,8839.999999941485
949,1.1617454667894889,14900.599999853292
950,1.1618552731447511,3195.050000007241
951,1.1619650795000134,6366.449999977479
952,1.1620748858552754,4815.050000000055
953,1.1621846922105377,44074.60000144351
954,1.1622944985658,17524.49999989809
955,1.1624043049210622,3258.0000000074697
956,1.1625141112763242,1733.3500000019226
957,1.1626239176315865,2097.1500000032465
958,1.1627337239868487,2837.2500000059385
959,1.1628435303421107,5937.449999983722
960,1.162953336697373,10022.849999924272
961,1.1630631430526353,7520.5499999606845
962,1.1631729494078975,7394.549999962518
963,1.1632827557631595,47694.50000165421
964,1.1633925621184218,43992.30000143872
965,1.163502368473684,2648.0000000052505
966,1.163612174828946,17714.54999990915
967,1.1637219811842083,12748.049999884617
968,1.1638317875394706,19608.00000001936
969,1.1639415938947328,33696.650000839436
970,1.1640514002499949,18402.299999949184
971,1.1641612066052571,26691.100000431656
972,1.1642710129605194,30503.350000653558
973,1.1643808193157816,21199.70000011201
974,1.1644906256710437,29449.450000592213
975,1.164600432026306,5308.849999992869
976,1.1647102383815682,20830.95000009055
977,1.1648200447368302,14724.349999855856
978,1.1649298510920925,222731.99996609267
979,1.1650396574473547,10443.049999918156
980,1.165149463802617,55274.1000020954
981,1.1652592701578792,48576.950001705576
982,1.1653690765131413,63351.950002565594
983,1.1654788828684035,37164.000001041255
984,1.1655886892236655,135043.89998650915
985,1.1656984955789278,49847.05000177951
986,1.16580830193419,72685.15000102817
987,1.1659181082894523,89165.19999719111
988,1.1660279146447143,101804.34999424832
989,1.1661377209999766,22785.70000020433
990,1.1662475273552388,252417.29995918105
991,1.166357333710501,173142.54997763858
992,1.1664671400657631,29811.000000613258
993,1.1665769464210254,114269.64999134606
994,1.1666867527762876,33592.500000833366
995,1.1667965591315497,64381.400002625516
996,1.166906365486812,256661.0499581929
997,1.1670161718420742,180209.2999759933
998,1.1671259781973364,185996.9999746457
999,1.1672357845525985,113524.54999151953
1000,1.1673455909078607,213116.29996833147
1001,1.1674553972631232,113324.29999156613
1002,1.167565203618385,61514.250002458626
1003,1.1676750099736473,198934.1499716336
1004,1.1677848163289095,57069.800002199925
1005,1.1678946226841718,119859.24999004461
1006,1.1680044290394338,116830.74999074973
1007,1.168114235394696,194898.19997257323
1008,1.1682240417499583,96093.34999557804
1009,1.1683338481052203,331869.1000218529
1010,1.1684436544604826,438916.1501215482
1011,1.1685534608157448,55781.65000212495
1012,1.168663267171007,92651.19999637947
1013,1.1687730735262691,251874.8999593073
1014,1.1688828798815314,117879.89999050545
1015,1.1689926862367936,109542.79999244658
1016,1.1691024925920557,271217.2999653665
1017,1.169212298947318,294371.84998693084
1018,1.1693221053025802,90274.6499969328
1019,1.1694319116578424,119222.94999019275
1020,1.1695417180131045,138701.44998565756
1021,1.1696515243683667,151494.6999826789
1022,1.1697613307236292,99054.4499948886
1023,1.1698711370788908,324928.7000153891
1024,1.1699809434341533,306990.59999868297
1025,1.1700907497894155,163729.24997983032
1026,1.1702005561446778,105806.29999331656
1027,1.1703103624999398,261996.84995695055
1028,1.1704201688552025,454266.20013584406
1029,1.1705299752104643,144637.59998427544
1030,1.1706397815657266,158953.94998094215
1031,1.1707495879209886,246051.4999606632
1032,1.1708593942762509,261361.14995709862
1033,1.170969200631513,393039.7500788225
1034,1.1710790069867751,249609.19995983483
1035,1.1711888133420374,479239.0001591018
1036,1.1712986196972996,733709.2003960956
1037,1.171408426052562,221700.54996633282
1038,1.171518232407824,371146.4500584328
1039,1.1716280387630862,144468686.37048495
1040,1.1717378451183484,334541.3000243416
1041,1.1718476514736105,214188.44996808187
1042,1.1719574578288727,657600.5003252139
1043,1.172067264184135,591343.7002635074
1044,1.1721770705393972,438498.8001211595
1045,1.1722868768946593,510838.250188531
1046,1.1723966832499215,902841.4505536123
1047,1.1725064896051838,2682544.89460233
1048,1.172616295960446,1321895.5496711435
1049,1.1727261023157078,896212.0005474382
1050,1.1728359086709703,1124826.1004052844
1051,1.1729457150262326,746471.6504079816
1052,1.1730555213814946,1742121.49810568
1053,1.1731653277367569,1119781.4504240772
1054,1.1732751340920191,744347.100406003
1055,1.1733849404472814,815454.9004722274
1056,1.1734947468025434,1478986.0990859356
1057,1.1736045531578057,610105.850280981
1058,1.173714359513068,1097406.4505074306
1059,1.1738241658683302,1704876.1982444294
1060,1.1739339722235922,3753854.540611392
1061,1.1740437785788544,1611096.4485937862
1062,1.1741535849341167,3061500.893190609
1063,1.1742633912893787,418353.2001023975
1064,1.1743731976446408,441695.05012413627
1065,1.1744830039999032,1776762.8979766306
1066,1.1745928103551653,2595981.2949248045
1067,1.1747026167104275,1559827.2487847786
1068,1.1748124230656898,991726.9006363931
1069,1.1749222294209525,992100.7506367415
1070,1.175032035776214,1030529.8506725314
1071,1.1751418421314763,1442079.6492234229
1072,1.1752516484867386,4943484.750134251
1073,1.1753614548420006,1366153.8495062685
1074,1.1754712611972629,2147491.1465955605
1075,1.1755810675525251,1146885.700323106
1076,1.1756908739077874,727257.3503900869
1077,1.1758006802630494,3970407.3898046683
1078,1.1759104866183117,7593824.339627388
1079,1.176020292973574,196986.69997208696
1080,1.176130099328836,227500.34996498245
1081,1.1762399056840982,127456.44998827574
1082,1.1763497120393605,662470.9003297498
1083,1.1764595183946227,555643.0502302586
1084,1.1765693247498847,2066050.7468989487
1085,1.176679131105147,1251216.7499344426
1086,1.1767889374604092,356296.6000446028
1087,1.1768987438156715,1070337.9506082686
1088,1.1770085501709335,2944547.9436262925
1089,1.1771183565261958,1930180.5974051047
1090,1.177228162881458,294575.5499871205
1091,1.17733796923672,973628.600619538
1092,1.1774477755919823,727522.0003903335
1093,1.1775575819472446,3803638.290425932
1094,1.1776673883025068,1069365.9006118898
1095,1.1777771946577689,1397973.0493877328
1096,1.1778870010130311,912074.1505622108
1097,1.1779968073682934,1298691.899757584
1098,1.1781066137235554,3786893.990488309
1099,1.1782164200788177,396358.55008191336
1100,1.17832622643408,1135568.2503652668
1101,1.1784360327893422,1302310.5997441032
1102,1.1785458391446042,4057607.8394798213
1103,1.1786556454998665,177791.14997655628
1104,1.1787654518551287,297995.39999030554
1105,1.1788752582103907,582643.1002554044
1106,1.178985064565653,33127789.751900386
1107,1.1790948709209153,279913.9499734659
1108,1.1792046772761775,602941.5002743087
1109,1.1793144836314395,6953623.680087655
1110,1.1794242899867018,6363851.471299362
1111,1.179534096341964,364784.6000525078
1112,1.1796439026972263,9457309.46739548
1113,1.1797537090524883,2617038.8948463597
1114,1.1798635154077506,301876.4999939201
1115,1.1799733217630128,389832.6000758357
1116,1.1800831281182749,1948409.2973371984
1117,1.1801929344735371,1268218.6998711054
1118,1.1803027408287994,303913.44999581715
1119,1.1804125471840616,180507.84997592366
1120,1.1805223535393237,389024.0000750825
1121,1.180632159894586,13113605.321878532
1122,1.1807419662498482,4130873.8392068837
1123,1.1808517726051102,2999813.3934204127
1124,1.1809615789603725,168331.3499787588
1125,1.1810713853156347,1096212.10051188
1126,1.181181191670897,156458.44998152318
1127,1.181290998026159,132298.09998714845
1128,1.1814008043814213,46400.050001578864
1129,1.1815106107366835,42835.350001371364
1130,1.1816204170919455,36379.15000099556
1131,1.1817302234472078,61752.20000247247
1132,1.1818400298024698,160837.9499805035
1133,1.1819498361577323,97449.34999526232
1134,1.1820596425129943,132550.3999870897
1135,1.1821694488682566,1530871.9988926456
1136,1.1822792552235188,806535.6004639205
1137,1.1823890615787809,201503.19997103536
1138,1.1824988679340431,678969.4003451152
1139,1.1826086742893054,1202732.1501150618
1140,1.1827184806445676,2091869.9468027654
1141,1.1828282869998297,2202867.2963892682
1142,1.182938093355092,1229423.15001563
1143,1.1830478997103542,1704751.0482448956
1144,1.1831577060656162,12290447.10961252
1145,1.1832675124208785,11305106.644929802
1146,1.1833773187761407,15820888.9622202
1147,1.183487125131403,25231008.77258524
1148,1.183596931486665,10357483.930809123
1149,1.1837067378419273,31141484.420293417
1150,1.1838165441971895,115513334.91699284
1151,1.1839263505524518,51406265.31241828
1152,1.1840361569077138,16436130.021388007
1153,1.1841459632629758,187681944.27332604
1154,1.1842557696182383,33785317.96270865
1155,1.1843655759735006,1000000000.0
1156,1.1844753823287626,4396212.341979257
1157,1.1845851886840248,55039908.39583626
1158,1.184694995039287,45444363.21777536
1159,1.1848048013945491,32843870.668823283
1160,1.1849146077498114,4036941.939556808
1161,1.1850244141050736,14008124.635207908
1162,1.185134220460336,23073715.201169964
1163,1.185244026815598,14668844.695053404
1164,1.1853538331708602,1000000000.0
1165,1.1854636395261224,12114071.306984315
1166,1.1855734458813845,1000000000.0
1167,1.1856832522366467,1000000000.0
1168,1.1857930585919092,1000000000.0
1169,1.1859028649471712,1000000000.0
1170,1.1860126713024333,4590197.694869864
1171,1.1861224776576955,6916764.729538414
1172,1.1862322840129578,1000000000.0
1173,1.1863420903682198,227440945.45260835
1174,1.1864518967234818,65481907.72344457
1175,1.1865617030787443,4787609.047811522
1176,1.1866715094340066,56097694.68278728
1177,1.1867813157892686,441469483.75819343
1178,1.1868911221445309,1000000000.0
1179,1.1870009284997929,3819330.640367473
1180,1.1871107348550551,30641004.500124346
1181,1.1872205412103174,898701.5005497567
1182,1.1873303475655796,5942114.665014996
1183,1.187440153920842,22269613.999098133
1184,1.1875499602761042,1934099.7473905047
1185,1.1876597666313662,3409226.991895228
1186,1.1877695729866284,1570536.148744885
1187,1.1878793793418905,351792.500040408
1188,1.1879891856971527,3253725.6424745163
1189,1.188098992052415,4921924.249812975
1190,1.1882087984076772,4502801.59356756
1191,1.1883186047629393,5812117.613077889
1192,1.1884284111182015,1830123.247777848
1193,1.1885382174734638,7320357.135552409
1194,1.1886480238287258,3072708.143148858
1195,1.188757830183988,16304135.019421127
1196,1.1888676365392503,9256774.514407277
1197,1.1889774428945126,7901589.844213451
1198,1.1890872492497746,23227572.39199936
1199,1.1891970556050369,66628210.05511962
1200,1.189306861960299,1000000000.0
1201,1.1894166683155611,12566824.31373086
1202,1.1895264746708234,13406534.326243514
1203,1.1896362810260857,215978879.76983958
1204,1.189746087381348,13138379.472247696
1205,1.1898558937366102,1000000000.0
1206,1.1899657000918722,8557301.253984312
1207,1.1900755064471344,38364837.88974798
1208,1.1901853128023967,51218432.67361398
1209,1.1902951191576587,9257452.71441738
1210,1.190404925512921,16826961.52350552
1211,1.1905147318681832,14674203.245133253
1212,1.1906245382234455,151435721.03155506
1213,1.1907343445787075,14565529.993513895
1214,1.1908441509339698,27249676.80226324
1215,1.1909539572892318,7628467.590143613
1216,1.191063763644494,18287525.836449094
1217,1.1911735699997563,20489594.955195546
1218,1.1912833763550186,1000000000.0
1219,1.1913931827102808,1000000000.0
1220,1.1915029890655429,34087364.0447053
1221,1.1916127954208051,8275421.9997839825
1222,1.1917226017760674,7346896.385947875
1223,1.1918324081313294,1000000000.0
1224,1.1919422144865917,20361296.41284273
1225,1.192052020841854,3817302.640375028
1226,1.1921618271971162,1000000000.0
1227,1.1922716335523782,620482420.6379905
1228,1.1923814399076405,3815703.590380985
1229,1.1924912462629027,1000000000.0
1230,1.1926010526181647,342699.15003193915
1231,1.192710858973427,377818.2500646464
1232,1.1929304716839515,1000000000.0
1233,1.1930402780392135,1000000000.0
1234,1.1931500843944758,379233.50006596436
1235,1.193259890749738,651171.9003192268
1236,1.193369697105,96396.04999550756
1237,1.1935893098155246,1000000000.0
1238,1.1936991161707868,641584.8003102981
1239,1.1939187288813111,204015.2499704505
1240,1.1940285352365734,136947.69998606588
1241,1.1941383415918354,370047.300057409
1242,1.19435795430236,80854.74999912604
1243,1.1944677606576222,2068351.2968903792
1244,1.1945775670128842,197875.69997188
1245,1.1947971797234087,40055.80000120958
1246,1.1949069860786707,459532.3501407486
1247,1.1950167924339328,38538963.1793693
1248,1.1951265987891952,317389.1000083673
1249,1.1952364051444575,229768.3999644544
1250,1.1953462114997195,5379810.806636016
1251,1.1954560178549818,464760.05014561716
1252,1.195565824210244,52007.900001905284
1253,1.195675630565506,35563.45000094808
1254,1.1957854369207683,319041.4000099061
1255,1.1958952432760306,307422.19999908487
1256,1.1960050496312928,93168.19999625908
1257,1.1961148559865549,266713.9999611725
1258,1.1962246623418171,16612.849999845024
1259,1.1963344686970794,2119503.2466998235
1260,1.1964442750523416,505611.1001836627
1261,1.1965540814076037,142663.3499847351
1262,1.196663887762866,253756.9499588691
1263,1.1967736941181282,56983.300002194876
1264,1.1968835004733904,410318.2000949143
1265,1.1969933068286525,138690.19998566018
1266,1.1971031131839147,46810.10000160273
1267,1.197212919539177,323685.8000142316
1268,1.197322725894439,34731.150000899645
1269,1.1974325322497013,124111.04998905465
1270,1.1975423386049635,192468.249973139
1271,1.1976521449602258,380654.45006728783
1272,1.1977619513154878,177662.89997658614
1273,1.19787175767075,295317.999987812
1274,1.1979815640260123,158932.6999809471
1275,1.1980913703812743,1366989.699503155
1276,1.1982011767365366,704310.400368716
1277,1.1984207894470609,502995.4501812267
1278,1.1985305958023231,344117.10003325966
1279,1.1986404021575854,243401.29996128022
1280,1.1987502085128476,787307.1004460127
1281,1.1988600148681097,200637.249971237
1282,1.198969821223372,403791.3500888357
1283,1.1990796275786342,398586.5500839885
1284,1.1991894339338964,584708.550257328
1285,1.1992992402891585,1010054.5006534624
1286,1.1994090466444207,708064.2503722119
1287,1.199518852999683,1314152.9996999868
1288,1.1996286593549452,436113.05011893756
1289,1.1997384657102073,390170.05007614987
1290,1.1998482720654695,2200716.946397279
1291,1.1999580784207318,1325146.8996590313
1292,1.2000678847759938,561725.0502359229
1293,1.2001776911312558,2419203.795583352
1294,1.2002874974865183,920863.5005703969
1295,1.2003973038417803,1105096.1004787844
1296,1.2005071101970426,559649.0502339895
1297,1.2006169165523048,329427.3000195788
1298,1.200726722907567,2280170.1461012927
1299,1.2008365292628291,1116066.350437917
1300,1.2009463356180914,743935.8004056199
1301,1.2010561419733536,1865073.3476476485
1302,1.2011659483286157,1771476.9979963219
1303,1.201275754683878,2490903.2453162507
1304,1.2013855610391402,506238.80018424726
1305,1.2014953673944024,1078529.0505777544
1306,1.2016051737496645,916788.800566602
1307,1.2017149801049267,779182.7504384463
1308,1.201824786460189,2121584.0966920718
1309,1.2019345928154508,1902105.847509692
1310,1.2020443991707133,1385916.1494326482
1311,1.2021542055259755,1017808.9006606841
1312,1.2022640118812378,756148.0004169934
1313,1.2023738182364998,3158441.042829478
1314,1.202483624591762,2522258.4951994442
1315,1.2025934309470243,1979243.1972223327
1316,1.2027032373022866,956854.4006039158
1317,1.2028130436575486,3373242.5420292807
1318,1.2029228500128109,1620190.998559906
1319,1.2030326563680729,1796788.6979020287
1320,1.2031424627233354,4298849.190528433
1321,1.2032522690785974,4115610.489263745
1322,1.2033620754338596,3106021.6930247564
1323,1.203471881789122,1489286.7490475627
1324,1.203581688144384,890589.0005422012
1325,1.2036914944996462,1893211.1975428269
1326,1.2038013008549084,312198395.04082817
1327,1.2039111072101707,4532221.994005959
1328,1.2040209135654327,3131218.942930889
1329,1.2041307199206952,4863072.4489360135
1330,1.2042405262759572,62963842.32353297
1331,1.2043503326312193,1694602.6482827011
1332,1.2044601389864815,3134353.092919213
1333,1.2045699453417438,4933399.54998397
1334,1.204679751697006,5397052.906892943
1335,1.204789558052268,19283094.527108576
1336,1.2048993644075303,2239640.896252276
1337,1.2050091707627926,22871929.01319736
1338,1.2051189771180546,4676713.746159053
1339,1.2052287834733169,2117617.2967068492
1340,1.205338589828579,1000000000.0
1341,1.2054483961838414,3740005.9906629813
1342,1.2055582025391034,9129407.862509364
1343,1.2056680088943657,24539710.46378983
1344,1.205777815249628,53431461.79170716
1345,1.20588762160489,37091709.21563237
1346,1.2059974279601522,1000000000.0
1347,1.2061072343154144,17850751.1624829
1348,1.2062170406706767,1000000000.0
1349,1.2063268470259387,1000000000.0
1350,1.206436653381201,1000000000.0
1351,1.2065464597364632,140655743.41140872
1352,1.2066562660917253,1000000000.0
1353,1.2067660724469875,1000000000.0
1354,1.2068758788022498,1000000000.0
1355,1.206985685157512,1000000000.0
1356,1.2070954915127745,1000000000.0
1357,1.2072052978680363,1000000000.0
1358,1.2073151042232986,1000000000.0
1359,1.2074249105785606,1000000000.0
1360,1.2075347169338229,1000000000.0
1361,1.2076445232890851,1000000000.0
1362,1.2077543296443474,1000000000.0
1363,1.2078641359996094,1000000000.0
1364,1.2079739423548717,1000000000.0
1365,1.208083748710134,996760602.5908103
1366,1.208193555065396,1000000000.0
1367,1.2083033614206582,1000000000.0
1368,1.2084131677759204,1000000000.0
1369,1.2085229741311827,1000000000.0
1370,1.2086327804864447,1000000000.0
1371,1.208742586841707,1000000000.0
1372,1.2088523931969692,1000000000.0
1373,1.2089621995522315,356358943.57600707
1374,1.2090720059074935,1000000000.0
1375,1.2091818122627558,770816478.9681232
1376,1.209291618618018,1000000000.0
1377,1.2094014249732803,1000000000.0
1378,1.2095112313285423,459914898.0172588
1379,1.2096210376838046,202705773.3052852
1380,1.2097308440390668,378461472.0973732
1381,1.2098406503943289,1000000000.0
1382,1.2099504567495911,1000000000.0
1383,1.2100602631048534,1000000000.0
1384,1.2101700694601156,174489665.47804242
1385,1.2102798758153777,1000000000.0
1386,1.21038968217064,1000000000.0
1387,1.2104994885259022,280318234.74414724
1388,1.2106092948811642,206427997.39273232
1389,1.2107191012364265,1000000000.0
1390,1.2108289075916887,1000000000.0
1391,1.210938713946951,1000000000.0
1392,1.2110485203022128,1000000000.0
1393,1.2111583266574752,1000000000.0
1394,1.2112681330127375,1000000000.0
1395,1.2113779393679995,1000000000.0
1396,1.2114877457232618,1000000000.0
1397,1.2115975520785245,1000000000.0014774
1398,1.2117073584337863,1000000000.0014774
1399,1.2118171647890483,1000000000.0014774
1400,1.2119269711443106,1000000000.0014774
1401,1.2120367774995728,1000000000.0014774
1402,1.2121465838548349,1000000000.0014774
1403,1.2122563902100971,1000000000.0014774
1404,1.2123661965653594,1000000000.0014774
1405,1.2124760029206216,1000000000.0014774
1406,1.2125858092758837,1000000000.0014774
1407,1.212695615631146,1000000000.0014774
1408,1.2128054219864082,1000000000.0014774
1409,1.2129152283416702,1000000000.0014774
1410,1.2130250346969325,1000000000.0014774
1411,1.2131348410521947,461623538.3377709
1412,1.2132446474074572,1000000000.0014774
1413,1.213354453762719,1000000000.0014774
1414,1.2134642601179813,1000000000.0014774
1415,1.2135740664732435,1000000000.0014774
1416,1.2136838728285055,1000000000.0014774
1417,1.2137936791837678,1000000000.0014774
1418,1.21390348553903,1000000000.0014774
1419,1.2140132918942923,1000000000.0014774
1420,1.2141230982495543,1000000000.0014774
1421,1.2142329046048166,1000000000.0014774
1422,1.2143427109600788,1000000000.0014774
1423,1.2144525173153409,1000000000.0014774
1424,1.2145623236706031,1000000000.0014774
1425,1.2146721300258654,1000000000.0014774
1426,1.2147819363811276,1000000000.0014774
1427,1.21489174273639,1000000000.0014774
1428,1.215001549091652,1000000000.0014774
1429,1.2151113554469142,1000000000.0014774
1430,1.2152211618021764,1000000000.0014774
1431,1.2153309681574385,1000000000.0014774
1432,1.2154407745127007,1000000000.0014774
1433,1.2155505808679627,1000000000.0014774
1434,1.2156603872232252,1000000000.0014774
1435,1.2157701935784873,1000000000.0014774
1436,1.2158799999337495,1000000000.0014774
1437,1.2159898062890118,1000000000.0014774
1438,1.2160996126442738,1000000000.0014774
1439,1.2162094189995358,1000000000.0014774
1440,1.2163192253547983,1000000000.0014774
1441,1.2164290317100606,1000000000.0014774
1442,1.2165388380653226,1000000000.0014774
1443,1.2166486444205848,1000000000.0014774
1444,1.2167584507758469,1000000000.0014774
1445,1.2168682571311091,1000000000.0014774
1446,1.2169780634863714,1000000000.0014774
1447,1.2170878698416336,1000000000.0014774
1448,1.217197676196896,1000000000.0014774
1449,1.217307482552158,1000000000.0014774
1450,1.2174172889074202,1000000000.0014774
1451,1.2175270952626824,1000000000.0014774
1452,1.2176369016179445,1000000000.0014774
1453,1.2177467079732067,1000000000.0014774
1454,1.217856514328469,1000000000.0014774
1455,1.2179663206837312,832737491.4655879
1456,1.2180761270389933,1000000000.0014774
1457,1.2181859333942555,1000000000.0014774
1458,1.2182957397495178,1000000000.0014774
1459,1.2184055461047798,1000000000.0014774
1460,1.2185153524600418,1000000000.0014774
1461,1.2186251588153043,1000000000.0014774
1462,1.2187349651705666,1000000000.0014774
1463,1.2188447715258286,1000000000.0014774
1464,1.2189545778810909,1000000000.0014774
1465,1.219064384236353,1000000000.0014774
1466,1.2191741905916151,1000000000.0014774
1467,1.2192839969468774,1000000000.0014774
1468,1.2193938033021396,1000000000.0014774
1469,1.219503609657402,1000000000.0014774
1470,1.219613416012664,1000000000.0014774
1471,1.2197232223679262,1000000000.0014774
1472,1.2198330287231884,1000000000.0014774
1473,1.2199428350784505,1000000000.0014774
1474,1.2200526414337127,1000000000.0014774
1475,1.220162447788975,1000000000.0014774
1476,1.2202722541442372,1000000000.0014774
1477,1.2203820604994993,1000000000.0152707
1478,1.2204918668547615,2237464.9360275385
1479,1.2206016732100238,448067112.68640536
1480,1.2207114795652858,25314340.09377511
1481,1.2208212859205478,1000000000.0152707
1482,1.2209310922758103,811717421.3757013
1483,1.2210408986310726,86357.5666701232
1484,1.2211507049863348,7236049.350739694
1485,1.2212605113415969,3394978.465048798
1486,1.221370317696859,2964824.233317914
1487,1.2214801240521214,1000000000.0152707
1488,1.2215899304073834,278012.2333116872
1489,1.2216997367626456,308755.6666378625
1490,1.221809543117908,517868.1332558414
1491,1.2219193494731702,158999.30000606368
1492,1.2220291558284322,455531.0666036887
1493,1.2221389621836944,249104.1999850845
1494,1.2222487685389567,131373.46667916252
1495,1.2223585748942187,492770.4332616849
1496,1.222468381249481,199872.1666632139
1497,1.2225781876047432,351039.86662801745
1498,1.2226879939600055,1836206.7356996604
1499,1.2227978003152675,1129137.36672821
1500,1.2229076066705298,12543657.89763398
1501,1.223017413025792,749030.5665353531
1502,1.2231272193810538,1327384.8007077563
1503,1.2232370257363163,1245020.6004392796
1504,1.2233468320915786,992780.699811934
1505,1.2234566384468408,16402995.149923494
1506,1.2235664448021029,2393078.6354478323
1507,1.2236762511573651,1425960.4010290762
1508,1.2237860575126274,3664673.364044106
1509,1.2238958638678894,3919919.863093239
1510,1.2240056702231517,3725072.13048577
1511,1.224115476578414,3416803.2316341614
1512,1.2242252829336762,806045728.884654
1513,1.2243350892889382,13294140.961504877
1514,1.2244448956442004,62892226.07486047
1515,1.2245547019994627,1000000000.0152707
1516,1.2246645083547247,1000000000.0152707
1517,1.224774314709987,151950335.19991654
1518,1.2248841210652492,1000000000.0152707
1519,1.2249939274205115,1000000000.0152707
1520,1.2251037337757735,1000000000.0152707
1521,1.2252135401310358,1000000000.0152707
1522,1.2253233464862978,1000000000.0152707
1523,1.22543315284156,1000000000.0152707
1524,1.2255429591968223,1000000000.0152707
1525,1.2256527655520846,1000000000.0152707
1526,1.2257625719073468,1000000000.0152707
1527,1.2258723782626089,1000000000.0152707
1528,1.2259821846178711,1000000000.0152707
1529,1.2260919909731334,1000000000.0152707
1530,1.2262017973283954,1000000000.0152707
1531,1.2263116036836577,1000000000.0152707
1532,1.22642141003892,1000000000.0152707
1533,1.2265312163941822,1000000000.0152707
1534,1.2266410227494442,1000000000.0152707
1535,1.2267508291047065,1000000000.0152707
1536,1.2268606354599687,1000000000.0152707
1537,1.226970441815231,1000000000.0152707
1538,1.227080248170493,1000000000.0152707
1539,1.2271900545257552,1000000000.0152707
1540,1.2272998608810175,1000000000.0152707
1541,1.2274096672362798,1000000000.0152707
1542,1.2275194735915418,1000000000.0152707
1543,1.2276292799468038,1000000000.0152707
1544,1.2277390863020663,1000000000.0152707
1545,1.2278488926573283,1000000000.0152707
1546,1.2279586990125906,1000000000.0152707
1547,1.2280685053678528,1000000000.0152707
1548,1.228178311723115,1000000000.0152707
1549,1.2282881180783771,1000000000.0152707
1550,1.2283979244336394,1000000000.0152707
1551,1.2285077307889016,1000000000.0152707
1552,1.2286175371441637,1000000000.0152707
1553,1.228727343499426,1000000000.0152707
1554,1.2288371498546882,1000000000.0152707
1555,1.2289469562099504,1000000000.0152707
1556,1.2290567625652125,1000000000.0152707
1557,1.2291665689204747,1000000000.0152707
1558,1.229276375275737,1000000000.0152707
1559,1.229386181630999,1000000000.0152707
1560,1.2294959879862613,1000000000.0152707
1561,1.2296057943415235,1000000000.0152707
1562,1.2297156006967858,1000000000.0152707
1563,1.2298254070520478,1000000000.0152707
1564,1.22993521340731,1000000000.0152707
1565,1.2300450197625723,1000000000.0152707
1566,1.2301548261178343,1000000000.0152707
1567,1.2302646324730966,1000000000.0152707
1568,1.2303744388283588,1000000000.0152707
1569,1.2304842451836209,1000000000.0152707
1570,1.2305940515388831,1000000000.0152707
1571,1.2307038578941454,1000000000.0152707
1572,1.2308136642494076,1000000000.0152707
1573,1.2309234706046697,1000000000.0152707
1574,1.231033276959932,1000000000.0152707
1575,1.2311430833151942,1000000000.0152707
1576,1.2312528896704564,1000000000.0152707
1577,1.2313626960257185,1000000000.0152707
1578,1.2314725023809807,1000000000.0152707
1579,1.231582308736243,1000000000.0152707
1580,1.231692115091505,1000000000.0152707
1581,1.2318019214467673,1000000000.0152707
1582,1.2319117278020295,1000000000.0152707
1583,1.2320215341572918,1000000000.0152707
1584,1.2321313405125538,1000000000.0152707
1585,1.2322411468678158,1000000000.0152707
1586,1.2323509532230783,1000000000.0152707
1587,1.2324607595783403,1000000000.0152707
1588,1.2325705659336026,1000000000.0152707
1589,1.2326803722888648,1000000000.0152707
1590,1.2327901786441269,1000000000.0152707
1591,1.2328999849993891,1000000000.0152707
1592,1.2330097913546514,1000000000.0152707
1593,1.2331195977099136,1000000000.0152707
1594,1.233229404065176,1000000000.0152707
1595,1.233339210420438,1000000000.0152707
1596,1.2334490167757002,1000000000.0152707
1597,1.2335588231309624,1000000000.0152707
1598,1.2336686294862251,1000000000.0152707
1599,1.2337784358414867,1000000000.0152707
1600,1.233888242196749,1000000000.0152707
1601,1.2339980485520112,1000000000.0152707
1602,1.2341078549072733,1000000000.0152707
1603,1.2342176612625355,1000000000.0152707
1604,1.2343274676177978,1000000000.0152707
1605,1.23443727397306,1000000000.0152707
1606,1.234547080328322,1000000000.0152707
1607,1.2346568866835843,1000000000.0152707
1608,1.2347666930388466,1000000000.0152707
1609,1.2348764993941086,1000000000.0152707
1610,1.2349863057493708,1000000000.0152707
